Name,Price,Market cap,Volume (24),Supply
1inch1INCH,0.27,282.1M,23.9M,1.0B
APENFTNFT,0.00000032,320.7M,17.1M,990.1T
Aave CRV V2aCRVv2,0.45,407.1M,43.5M,898.5M
Aave ENS V2aENSv2,7.36,221.1M,13.8M,30.1M
Aave MKR V2aMKRv2,"1,292.50",1.3B,49.7M,977.6K
Aave SNX V2aSNXv2,2.14,584.0M,38.0M,273.3M
Aave UNI V2aUNIv2,3.91,2.3B,117.9M,588.2M
AaveAAVE,77.18,1.1B,112.8M,14.6M
Akash NetworkAKT,1.01,222.5M,3.6M,220.7M
AlgorandALGO,0.10,816.3M,59.4M,7.9B
AnkrANKR,0.0210,208.8M,17.9M,10.0B
ApeCoinAPE,1.26,459.9M,40.8M,368.6M
AptosAPT,6.60,1.6B,196.4M,247.5M
ArbitrumARB,0.89,1.1B,261.1M,1.3B
ArweaveAR,5.49,358.4M,24.8M,65.5M
AstarASTR,0.0511,272.5M,14.0M,5.3B
AvalancheAVAX,10.72,3.8B,228.7M,355.1M
Axie InfinityAXS,5.10,725.5M,99.7M,141.4M
BNBBNB,213.21,32.3B,280.5M,151.7M
Basic Attention TokenBAT,0.19,286.3M,20.3M,1.5B
Binance USDBUSD,0.94,1.9B,431.9M,2.0B
BitTorrent(New)BTT,0.00000046,434.8M,52.8M,951.4T
Bitcoin CashBCH,229.09,4.5B,155.2M,19.5M
Bitcoin GoldBTG,13.90,243.4M,16.0M,17.5M
Bitcoin SVBSV,45.91,883.9M,48.3M,19.3M
BitcoinBTC,"32,393.32",631.0B,15.2B,19.5M
Bitget TokenBGB,0.46,637.6M,17.8M,1.4B
BlurBLUR,0.22,230.7M,46.7M,1.0B
CardanoADA,0.28,9.7B,255.4M,35.2B
CasperCSPR,0.0311,355.7M,4.1M,11.4B
CeloCGLD,0.46,233.7M,12.9M,515.1M
ChainlinkLINK,10.65,5.9B,738.3M,556.8M
ChiaXCH,26.03,231.6M,31.8M,8.9M
ChilizCHZ,0.0621,469.9M,66.3M,7.6B
CompoundCOMP,43.29,341.5M,42.1M,7.9M
ConfluxCFX,0.16,522.5M,79.4M,3.4B
Convex FinanceCVX,2.66,217.6M,7.1M,81.5M
CosmosATOM,7.53,2.8B,230.3M,372.3M
Crypto.com CoinCRO,0.0580,1.4B,7.0M,25.3B
Curve DAO TokenCRV,0.45,406.1M,43.7M,898.5M
DaiDAI,0.94,5.0B,133.0M,5.3B
DashDASH,27.94,321.9M,54.6M,11.5M
DecentralandMANA,0.34,647.4M,64.5M,1.9B
DecredDCR,12.37,193.0M,1.0M,15.6M
DogecoinDOGE,0.0648,9.2B,379.2M,141.6B
EOSEOS,0.59,651.1M,121.3M,1.1B
Enjin CoinENJ,0.25,245.3M,27.7M,1.0B
Ethereum ClassicETC,16.33,2.3B,270.2M,143.8M
Ethereum Name ServiceENS,7.33,220.3M,13.8M,30.1M
EthereumETH,"1,697.91",203.6B,6.1B,120.3M
FLAREFLR,0.0098,262.3M,11.0M,26.8B
FLOKIFLOKI,0.000031,294.3M,57.9M,9.5T
FantomFTM,0.23,646.1M,64.3M,2.8B
Fetch.aiFET,0.34,279.0M,68.3M,812.4M
FilecoinFIL,3.59,1.7B,132.3M,461.4M
First Digital USDFDUSD,0.94,498.5M,1.7B,528.1M
FlowFLOW,0.48,501.4M,58.0M,1.0B
Frax ShareFXS,5.52,412.6M,20.0M,74.9M
GMXGMX,42.10,384.7M,19.6M,9.2M
Gala V1GALA,0.0184,466.7M,120.9M,25.4B
GateTokenGT,3.60,341.4M,1.6M,94.9M
GnosisGNO,100.32,260.3M,10.7M,2.6M
Golem (Old)GNT,0.20,200.7M,9.6M,1.0B
GolemGLM,0.20,200.9M,9.6M,1.0B
HederaHBAR,0.0487,1.6B,62.5M,33.5B
HeliumHNT,1.44,207.8M,928.4K,143.9M
HoloHOT,0.0013,225.6M,35.3M,172.3B
Huobi TokenHT,2.28,369.8M,6.2M,162.2M
ICONICX,0.20,198.8M,45.7M,970.7M
IOTAIOTA,0.15,435.8M,13.6M,3.0B
ImmutableIMX,0.61,744.8M,23.9M,1.2B
InjectiveINJ,12.60,1.1B,74.6M,83.8M
Internet ComputerICP,3.70,1.7B,26.8M,447.7M
IoTeXIOTX,0.0206,194.5M,11.1M,9.4B
JUSTJST,0.0275,244.3M,34.4M,8.9B
KavaKAVA,0.63,561.2M,46.6M,890.2M
KlaytnKLAY,0.13,408.4M,12.9M,3.2B
KuCoin TokenKCS,4.33,419.5M,1.1M,96.7M
Lido DAO TokenLDO,1.68,1.5B,56.7M,890.2M
LitecoinLTC,65.48,4.8B,296.0M,73.8M
LoopringLRC,0.19,252.7M,19.0M,1.3B
MX TOKENMX,2.62,263.9M,2.4M,100.6M
MakerMKR,"1,289.47",1.3B,49.9M,977.6K
MantleMNT,0.36,1.1B,47.0M,3.1B
Mask NetworkMASK,2.78,227.4M,74.7M,82.1M
MinaMINA,0.57,564.9M,45.4M,993.9M
MoneroXMR,160.73,2.9B,88.8M,18.4M
MultiversXEGLD,28.08,733.9M,21.4M,26.1M
NEAR ProtocolNEAR,1.20,1.2B,79.2M,989.9M
NEMXEM,0.0280,251.5M,9.7M,9.0B
NeoNEO,8.26,580.7M,45.2M,70.5M
NexoNEXO,0.60,333.5M,2.2M,560.0M
OKBOKB,42.60,2.6B,2.8M,60.0M
Oasis NetworkROSE,0.0473,307.9M,15.2M,6.5B
Ocean ProtocolOCEAN,0.34,195.7M,31.6M,568.4M
OptimismOP,1.30,1.1B,100.1M,880.4M
PAX GoldPAXG,"1,872.12",457.6M,5.8M,244.6K
PancakeSwapCAKE,1.16,262.4M,12.6M,225.5M
Paxos StandardPAX,0.94,455.0M,991.3K,483.7M
PepePEPE,0.00000108,450.3M,126.8M,417.1T
PolkadotDOT,4.13,5.4B,205.2M,1.3B
PolygonMATIC,0.60,5.5B,275.9M,9.2B
PolymeshPOLYX,0.26,196.2M,433.6M,744.6M
ProtocolZRX,0.26,219.4M,204.8M,847.5M
QtumQTUM,2.75,287.5M,43.7M,104.8M
QuantQNT,96.39,1.2B,15.8M,12.1M
RavencoinRVN,0.0163,214.5M,14.7M,13.1B
RenderRNDR,2.22,825.9M,105.7M,371.9M
Rocket PoolRPL,21.85,430.8M,3.3M,19.8M
SHIBA INUSHIB,0.00000737,4.3B,132.0M,589.3T
STEPNGMT,0.17,220.8M,53.5M,1.3B
SUISUI,0.42,356.4M,105.6M,860.4M
SafePalSFP,0.66,277.9M,4.2M,420.8M
SingularityNETAGIX,0.22,266.8M,37.6M,1.2B
SolanaSOL,34.12,14.3B,1.2B,419.3M
StacksSTX,0.58,825.6M,43.0M,1.4B
Stellar LumensXLM,0.11,3.2B,149.0M,27.9B
Synthetix Network TokenSNX,2.14,583.5M,38.0M,273.3M
THORChainRUNE,2.69,907.9M,206.3M,338.9M
TRONTRX,0.0907,8.0B,232.8M,88.8B
TellorTRB,105.83,263.6M,142.0M,2.5M
TerraLUNA,0.000060,348.5M,21.7M,5.8T
Tether GoldXAUt,"1,891.01",466.2M,3.7M,246.5K
TetherUSDT,0.94,79.8B,27.2B,84.6B
TezosXTZ,0.70,663.7M,20.2M,958.1M
The GraphGRT,0.0974,902.3M,56.2M,9.3B
The SandboxSAND,0.32,669.1M,79.0M,2.1B
Theta FuelTFUEL,0.0354,224.2M,5.6M,6.3B
Theta NetworkTHETA,0.64,642.9M,17.1M,1.0B
ThresholdT,0.0208,193.6M,16.2M,9.3B
ToncoinTON,2.12,7.3B,61.5M,3.4B
TrueUSDTUSD,0.94,3.2B,227.2M,3.3B
Trust Wallet TokenTWT,0.99,412.3M,17.1M,416.6M
UNUS SED LEOLEO,3.73,3.5B,478.1K,928.7M
USDCUSDC,0.94,23.5B,3.3B,24.9B
USDDUSDD,0.94,683.4M,18.9M,725.3M
UniswapUNI,3.91,2.3B,117.8M,588.2M
WAXWAXP,0.0566,190.8M,89.0M,3.4B
WOO NetworkWOO,0.20,355.8M,14.4M,1.8B
WorldcoinWLD,1.89,209.6M,107.3M,111.1M
Wrapped BitcoinWBTC,"32,347.04",5.3B,123.7M,163.8K
XDC NetworkXDC,0.0485,670.4M,10.3M,13.9B
XRPXRP,0.56,30.0B,2.1B,53.6B
ZcashZEC,26.61,434.3M,48.4M,16.3M
ZilliqaZIL,0.0175,302.6M,20.7M,17.4B
aelfELF,0.34,229.9M,10.3M,682.6M
dYdXDYDX,2.21,405.4M,86.5M,183.8M
eCashXEC,0.000026,511.5M,14.3M,19.5T
vechainVET,0.0176,1.3B,41.0M,72.7B
